MemberID,DOB,Name,State,DateReceived
5/15/2000,735957,James Walsh MD,WA,5/5/2025
8/16/1957,808298,Ellen Padilla,NJ,7/1/2025
11/2/1965,236582,Daniel Richardson,MI,6/6/2025
2/4/1946,707197,Derrick Nguyen,KY,6/21/2025
2/5/1985,835817,Sarah Lopez,ME,6/28/2025
7/9/1982,768250,Heidi Anderson,OR,5/16/2025
9/11/2002,235808,Joshua Hughes,CO,6/6/2025
5/24/1972,482044,Brian Castillo,NJ,5/19/2025
6/5/1986,798344,Jordan Gonzalez,NM,5/31/2025
10/29/1970,182707,Aaron Walton,WY,5/28/2025
8/4/1965,591810,David Martinez,TX,6/11/2025
3/5/1969,635055,Richard Moore,NV,6/4/2025
9/9/1995,147976,Elizabeth Cruz,CA,6/26/2025
9/11/1934,555789,Mary Rodriguez,IN,5/13/2025
8/15/1951,203300,James Jones,CT,5/29/2025
3/24/1987,705863,Hector Howard,IA,6/16/2025
5/18/1963,115560,Phillip Waters,LA,6/2/2025
3/7/1997,111864,Julie Jackson,VA,6/28/2025
3/13/1937,149590,Kelsey Santana,CO,5/8/2025
6/2/1942,301508,Tammy Lawrence,KS,6/24/2025
7/2/1971,137997,Julia Fletcher,WV,6/24/2025
1/26/2003,224927,Holly Christian,NH,5/28/2025
9/1/1943,669542,Taylor Nelson,ME,6/18/2025
9/3/1978,670298,Joshua Moore,WA,5/30/2025
10/18/2000,254791,Teresa Palmer,AK,6/2/2025
2/22/1977,121464,Carol Grant,NJ,6/4/2025
4/27/1994,428892,Elizabeth Bean,OR,5/4/2025
5/10/1974,537813,Kevin Collins,NJ,6/29/2025
9/28/1950,178607,Carlos Larson,CT,6/7/2025
7/24/1996,154321,Tasha Haney,SC,6/20/2025
2/11/1950,761917,Melanie Higgins,ND,7/2/2025
11/28/1972,409587,Walter Cain,AR,5/23/2025
4/19/1938,374803,Kim Rivera,PA,6/14/2025
12/11/1976,461455,Lori Rollins,MA,6/17/2025
3/20/2007,561997,Theresa Phelps,TX,6/20/2025
11/13/1989,488354,Jessica Manning,NC,7/2/2025
8/2/2004,894701,Heather Johnson,ID,6/17/2025
7/12/1975,234067,Brittany Martin,DC,6/2/2025
1/8/1946,659071,Teresa Stevens,NE,6/12/2025
1/22/1979,414090,Stacy Thomas,PA,5/7/2025
10/27/1935,533931,Crystal Rasmussen,AK,6/10/2025
9/6/1944,182565,James Foster,HI,6/1/2025
11/1/1973,807663,Christina Mendoza,OK,6/14/2025
2/13/1975,247979,Jeffery Smith,NH,5/27/2025
7/16/1995,619011,Dana Ho,AZ,5/18/2025
8/28/1957,735815,Mary Anderson MD,UT,6/24/2025
9/7/1950,318844,April Huff,OH,6/17/2025
10/25/2006,300955,Veronica Alvarez DVM,NH,6/6/2025
5/27/1972,145750,Brandon Peterson,DE,5/5/2025
10/7/1991,672128,Johnny Vance,ID,5/31/2025
